{
  "title": "Header Schema",
  "type": "object",
  "properties": {

    "id": {
      "type": "string",
      "format": "uuid",
      "description": "Unique identifier in UUID format",
      "minLength": 36,
      "maxLength": 36,
      "pattern": "^[0-9a-fA-F]{8}-[0-9a-fA-F]{4}-[0-9a-fA-F]{4}-[0-9a-fA-F]{4}-[0-9a-fA-F]{12}$"
    },
    "name": {
      "type": "string",
      "description": "Event name",
      "minLength": 1,
      "maxLength": 255,
      "pattern": "^[A-Z_]+$"
    },
    "timestamp": {
      "type": "string",
      "description": "Timestamp in ISO 8601 format",
      "pattern": "\\d{4}-\\d{2}-\\d{2}T\\d{2}:\\d{2}:\\d{2}(\\.\\d{1,})?(Z|[+-]\\d{2}:\\d{2})?$"
    },
    "source": {
      "type": "string",
      "description": "Source of the event",
      "minLength": 1,
      "maxLength": 50,
      "pattern": "^[a-zA-Z]*$"
    },
    "filter": {
      "type": "string",
      "description": "Event filter",
      "minLength": 1,
      "maxLength": 1000,
      "pattern": "^[a-zA-Z|]*$"
    },
    "type": {
      "type": "integer",
      "description": "Event type identifier",
      "minimum": 1000,
      "maximum": 9999,
      "pattern": "^-?\\d+$"
    },
    "correlationId": {
      "type": "string",
      "format": "uuid",
      "description": "Correlation ID in UUID format",
      "minLength": 36,
      "maxLength": 36,
      "pattern": "^[0-9a-fA-F]{8}-[0-9a-fA-F]{4}-[0-9a-fA-F]{4}-[0-9a-fA-F]{4}-[0-9a-fA-F]{12}$"
    },
    "priority": {
      "type": "integer",
      "description": "Event priority, from 0 (low) to 10 (high)",
      "minimum": 0,
      "maximum": 10,
      "pattern": "^-?\\d+$"
    },
    "version": {
      "type": "number",
      "description": "Version of the event format",
      "minimum": 1.0,
      "multipleOf": 0.1,
      "pattern": "^-?\\d*\\.\\d+$"
    },
    "companyCode": {
      "type": "integer",
      "description": "Company code",
      "minimum": 100000,
      "multipleOf": 1,
      "maximum": 999999,
      "pattern": "^-?\\d+$"

    },
    "userId": {
      "type": "number",
      "minLength": 1
    },
    "userType": {
      "type": "string",
      "pattern": "^[\\w\\s]+$"
    },

    "payload": {

      "title": "Company Event Schema",
      "type": "object",
      "properties": {
        "locations": {
          "type": "array",
          "items": {
            "type": "object",
            "properties": {
              "code": {
                "type": "string",
                "description": "Location code",
                "minLength": 1,
                "maxLength": 1000,
                "pattern": "^[\\w-]+$"
              },
              "name": {
                "type": "string",
                "description": "Location name",
                "minLength": 1,
                "maxLength": 2000
              },
              "addr1": {
                "type": "string",
                "description": "Address line 1",
                "minLength": 1,
                "maxLength": 2000
              },
              "addr2": {
                "type": "string",
                "description": "Address line 2",
                "maxLength": 2000
              },
              "city": {
                "type": "string",
                "description": "City name",
                "minLength": 1,
                "maxLength": 1000
              },
              "state": {
                "type": "string",
                "description": "State code",
                "minLength": 1,
                "maxLength": 1000
              },
              "zipCode": {
                "type": "string",
                "pattern": "^\\d{5}(?:-\\d{4})?$"
              },
              "isActive": {
                "type": "boolean",
                "pattern": "^(true|false)$"
              }
            },
            "required": [
              "code",
              "name",
              "addr1",
              "city",
              "state",
              "zipCode",
              "isActive"
            ]
          }
        }
      },
      "required": [
        "locations"
      ]

    }
  },

  "required": [
    "id",
    "name",
    "timestamp",
    "source",
    "version"
  ],

  "definitions": {
    "nonEmptyAlphaNumericString": {
      "type": "string",
      "pattern": "^[a-zA-Z0-9-]*$",
      "minLength": 1
    },
    "nonEmptyString": {
      "type": "string",
      "pattern": "^[a-zA-Z ]*$",
      "minLength": 1
    },
    "nonEmptyDate": {
      "type": "string",
      "minLength": 1,
      "pattern": "\\d{4}-\\d{2}-\\d{2}T\\d{2}:\\d{2}:\\d{2}(\\.\\d{1,})?(Z|[+-]\\d{2}:\\d{2})?$"
    },
    "boolean": {
      "type": "string",
      "enum": [
        "Y",
        "N"
      ]
    }
  }

}